mirnaid,refseqid,genesymbol,duplex,start,end,bindingp,energy,seed,accessibility,au,phylopstem,phylopflank,me,number_of_pairings,binding_region_length,longest_consecutive_pairings,position,validated,TargetScan,miRDB
hsa-miR-326,NM_001257205,FGF1,CCTCTGGGCCCTTCCTCCAG#TGGCATCTCCATGTAGAATAAATGAAGAAAGGGAGGCCCAGCCGCAGGA#((((((((.(((((((....#.))))))))))))....))).,1525,1574,1.0,-22.5,1,8.680919e-05,0.544,0.4673232583333334,0.6834285087499998,-4.993964104447428,15,21,12,3UTR,MIRT731763,1,1
hsa-miR-326,NM_001257207,FGF1,CCTCTGGGCCCTTCCTCCAG#TGGCATCTCCATGTAGAATAAATGAAGAAAGGGAGGCCCAGCCGCAGGA#((((((((.(((((((....#.))))))))))))....))).,1268,1317,1.0,-22.5,1,8.680919e-05,0.544,0.15232320833333338,0.21466143874999993,-4.993964104447428,15,21,12,3UTR,MIRT731763,1,1
hsa-miR-326,NM_001257207,FGF1,CCTCTGGGCCCTTCCTCCAG#CTGGCTGAGGGGATACCATAAAAAGAGGA#(((((((.((((((..((((#))))..))))))...)))......)))).,1509,1538,1.0,-21.0,1,0.03098901,0.588,1.1127490769230768,0.9493662649999999,-7.219708015936543,17,29,6,3UTR,MIRT731763,1,1
hsa-miR-326,NM_001257208,FGF1,CCTCTGGGCCCTTCCTCCAG#TGGCATCTCCATGTAGAATAAATGAAGAAAGGGAGGCCCAGCCGCAGGA#((((((((.(((((((....#.))))))))))))....))).,1243,1292,1.0,-22.5,1,8.680919e-05,0.544,0.04079686666666671,0.12362773124999996,-4.993964104447428,15,21,12,3UTR,MIRT731763,1,1
hsa-miR-326,NM_001257209,FGF1,CCTCTGGGCCCTTCCTCCAG#TGGCATCTCCATGTAGAATAAATGAAGAAAGGGAGGCCCAGCCGCAGGA#((((((((.(((((((....#.))))))))))))....))).,1281,1330,1.0,-22.5,1,8.680919e-05,0.544,0.12041579166666665,0.25434440999999997,-4.993964104447428,15,21,12,3UTR,MIRT731763,1,1
hsa-miR-326,NM_001257210,FGF1,CCTCTGGGCCCTTCCTCCAG#TGGCATCTCCATGTAGAATAAATGAAGAAAGGGAGGCCCAGCCGCAGGA#((((((((.(((((((....#.))))))))))))....))).,1203,1252,1.0,-22.5,1,8.680919e-05,0.544,0.0,0.0,-4.993964104447428,15,21,12,3UTR,MIRT731763,1,1
hsa-miR-326,NM_001288769,PDE1B,CCTCTGGGCCCTTCCTCCAG#TGGACAAGGGGCTCAGGGC#.((((((((((((..((((.#))))..)))))))))))).,2680,2699,1.0,-26.7,1,0.0007547097,0.397,2.1175244166666665,0.74202160625,-5.3856143151281595,16,19,12,3UTR,MIRT725248,1,1
hsa-miR-326,NM_004443,EPHB3,CCTCTGGGCCCTTCCTCCAG#CTGGAGGAGGGGACTCCAGGAATGGGG#((((((((((((((((((((#)))))))))))).).))))....))).,3864,3891,1.0,-32.1,1,3.520557e-06,0.412,0.6390052615384616,0.7796773987500001,-3.937574446201665,20,27,12,3UTR,MIRT626270,1,1
hsa-miR-326,NM_005094,SLC27A4,CCTCTGGGCCCTTCCTCCAG#GGAGAGGGGGCTCAGGGGC#(((((((((((((.((((..#)))).))))))))))))).,2936,2955,1.0,-31.9,1,0.0001545075,0.412,0.6526524000000001,0.53302081,-4.794414363722071,17,19,13,3UTR,MIRT653652,1,1
hsa-miR-326,NM_000800,FGF1,CCTCTGGGCCCTTCCTCCAG#TGGCATCTCCATGTAGAATAAATGAAGAAAGGGAGGCCCAGCCGCAGGA#((((((((.(((((((....#.))))))))))))....))).,1210,1259,1.0,-22.5,1,8.680919e-05,0.544,0.0,0.0,-4.993964104447428,15,21,12,3UTR,MIRT731763,1,1
hsa-miR-326,NM_000924,PDE1B,CCTCTGGGCCCTTCCTCCAG#TGGACAAGGGGCTCAGGGC#.((((((((((((..((((.#))))..)))))))))))).,2852,2871,1.0,-26.7,1,0.0007547097,0.397,0.0,0.0,-5.3856143151281595,16,19,12,3UTR,MIRT725248,1,1
hsa-miR-326,NM_001144892,FGF1,CCTCTGGGCCCTTCCTCCAG#TGGCATCTCCATGTAGAATAAATGAAGAAAGGGAGGCCCAGCCGCAGGA#((((((((.(((((((....#.))))))))))))....))).,1114,1163,1.0,-22.5,1,8.680919e-05,0.544,0.0,0.0,-4.993964104447428,15,21,12,3UTR,MIRT731763,1,1
hsa-miR-326,NM_001144934,FGF1,CCTCTGGGCCCTTCCTCCAG#TGGCATCTCCATGTAGAATAAATGAAGAAAGGGAGGCCCAGCCGCAGGA#((((((((.(((((((....#.))))))))))))....))).,1279,1328,1.0,-22.5,1,8.680919e-05,0.544,0.0,0.0,-4.993964104447428,15,21,12,3UTR,MIRT731763,1,1
hsa-miR-326,NM_001144935,FGF1,CCTCTGGGCCCTTCCTCCAG#TGGCATCTCCATGTAGAATAAATGAAGAAAGGGAGGCCCAGCCGCAGGA#((((((((.(((((((....#.))))))))))))....))).,1185,1234,1.0,-22.5,1,8.680919e-05,0.544,0.0,0.0,-4.993964104447428,15,21,12,3UTR,MIRT731763,1,1
hsa-miR-429,NM_018177,N4BP2,TAATACTGTCTGGTAAAACCGT#TCAGACAGTATA#..(((((((((((.........#))))))))))).,9551,9563,1.0,-15.6,1,0.03402595,0.779,1.063182827272727,1.64320495125,-6.782339277446944,11,12,11,3UTR,MIRT212865,1,1
hsa-miR-429,NM_001362837,ZFPM2,TAATACTGTCTGGTAAAACCGT#TGGTGCCATTTTCAAAAAAATTAATTTATTTTACCAGCAGTATTC#.(((((((.(((((((((....#.)))))))))))))))).,3802,3847,1.0,-19.0,1,0.03181121,0.794,0.0,0.0,-4.849714495602881,16,18,16,3UTR,MIRT004625,1,1
hsa-miR-429,NM_001172639,CELF1,TAATACTGTCTGGTAAAACCGT#TGGTTTTGCTAGAACGA#......(((((((((((((((.#))))))))))))).)).,4531,4548,1.0,-17.0,0,0.00364507,0.618,2.618688575,2.50859463,-15.566558404643448,15,17,13,3UTR,MIRT502835,1,1
hsa-miR-449a,NM_001172438,PEG10,TGGCAGTGTATTGTTAGCTGGT#ACCATCTAAATTATAGGCTGCCAA#(((((((.(((..((((.((((#)))).))))...))).))))))).,2905,2929,0.9615384615384616,-21.3,1,0.03899971,0.618,0.0,0.0,-10.887143297644894,18,24,7,3UTR,MIRT506252,1,1
hsa-miR-449a,NM_001261401,TSN,TGGCAGTGTATTGTTAGCTGGT#CAGTAATAGCACTGCCAG#(((((((((..((((.((((..#))))))))))))))))).,2363,2381,1.0,-20.7,1,0.003102678,0.632,0.0,0.0,-8.237904470243807,17,18,17,3UTR,MIRT202949,1,1
hsa-miR-449a,NM_001278516,MDM4,TGGCAGTGTATTGTTAGCTGGT#AGTAGGTGGCATAAAATGCACTGTCAA#((((((((((((((((.(((.(#).))).)))))....))))))))))).,9590,9617,1.0,-21.6,1,0.02337552,0.706,0.0,0.0,-3.937574446201665,20,27,11,3UTR,MIRT183693,1,1
hsa-miR-449a,NM_001278518,MDM4,TGGCAGTGTATTGTTAGCTGGT#AGTAGGTGGCATAAAATGCACTGTCAA#((((((((((((((((.(((.(#).))).)))))....))))))))))).,9179,9206,1.0,-21.6,1,0.02337552,0.706,0.0,0.0,-3.937574446201665,20,27,11,3UTR,MIRT183693,1,1
hsa-miR-449a,NM_001278519,MDM4,TGGCAGTGTATTGTTAGCTGGT#AGTAGGTGGCATAAAATGCACTGTCAA#((((((((((((((((.(((.(#).))).)))))....))))))))))).,8989,9016,1.0,-21.6,1,0.02337552,0.706,0.0,0.0,-3.937574446201665,20,27,11,3UTR,MIRT183693,1,1
hsa-miR-449a,NM_001293231,MYCN,TGGCAGTGTATTGTTAGCTGGT#ACTGGACAGTCACTGCCAC#((((((((.((((((.......#.)))))))))))))).,811,830,1.0,-20.0,1,0.0003467327,0.632,3.6666055,4.3546366825,-5.227013184751041,14,16,14,3UTR,MIRT731559,1,1
hsa-miR-449a,NM_001300844,FOSL1,TGGCAGTGTATTGTTAGCTGGT#ACCAGCCCCACTGCCAG#((((((((........((((((#))))))..)))))))).,1178,1195,1.0,-20.6,1,0.01401431,0.426,0.661523,0.269391268,-15.522517528523212,14,17,8,3UTR,MIRT745399,1,1
hsa-miR-449a,NM_001300857,FOSL1,TGGCAGTGTATTGTTAGCTGGT#ACCAGCCCCACTGCCAG#((((((((........((((((#))))))..)))))))).,980,997,1.0,-20.6,1,0.01401431,0.426,3.31147175,2.738401380000001,-15.522517528523212,14,17,8,3UTR,MIRT745399,1,1
hsa-miR-449a,NM_057749,CCNE2,TGGCAGTGTATTGTTAGCTGGT#GCTGTGATTGATTGCCCTAGCCAATTCACAAGTTACACTGCCAT#((((((((((((((.((.((((#.)))).)).))))..)))))))))).,1353,1397,1.0,-22.7,1,0.01978829,0.632,0.0,0.0,-4.6730240064523,20,26,10,3UTR,MIRT006347,1,1
hsa-miR-449a,XM_017013958,CCNE2,TGGCAGTGTATTGTTAGCTGGT#GCTGTGATTGATTGCCCTAGCCAATTCACAAGTTACACTGCCAT#((((((((((((((.((.((((#.)))).)).))))..)))))))))).,1548,1592,1.0,-22.7,1,0.01978829,0.632,0.0,0.0,-4.6730240064523,20,26,10,3UTR,MIRT006347,1,1
hsa-miR-449a,NM_014289,CAPN6,TGGCAGTGTATTGTTAGCTGGT#CCAGTCTGTTTAACTTCTGCAGTGCCTTCACTACACTGCCT#.(((((((((.((...((((..#.)))).....)).))))))))).,3448,3489,1.0,-21.5,1,0.0002641693,0.632,0.5140557111111111,0.8961568849999999,-8.443437870842123,15,23,9,3UTR,MIRT732558,1,1
hsa-miR-449a,NM_016026,RDH11,TGGCAGTGTATTGTTAGCTGGT#GCCTGCTTGGTGTCCAGTTAAAACTCAGTGTACTGCCAG#(((((((((((((((((((((.#.))))))))....))))))))))))).,1141,1180,1.0,-25.6,1,0.005145307,0.544,0.3739858,0.196399843625,-3.937574446201665,21,27,13,3UTR,MIRT769775,1,1
hsa-miR-449a,NM_016732,RALY,TGGCAGTGTATTGTTAGCTGGT#GCCAGCTATAACAGACCCATTTCAATACCCTGGCAAGTCATTACTGCCC#.(((((((..((((((((((((#))))))))........................)))).....))))))).,3528,3577,1.0,-22.1,1,0.005157664,0.515,0.07094507777777778,-0.12463763675,-6.09222096393106,19,49,8,3UTR,MIRT745410,1,1
hsa-miR-449a,NM_002393,MDM4,TGGCAGTGTATTGTTAGCTGGT#AGTAGGTGGCATAAAATGCACTGTCAA#((((((((((((((((.(((.(#).))).)))))....))))))))))).,9658,9685,1.0,-21.6,1,0.02337552,0.706,0.0,0.0,-3.937574446201665,20,27,11,3UTR,MIRT183693,1,1
hsa-miR-449a,NM_004475,FLOT2,TGGCAGTGTATTGTTAGCTGGT#CCTGCTAGGGCTGCACTGTCC#.(((((((((.(.(((((.((.#)).))))).).))))))))).,2282,2303,1.0,-22.4,1,2.612255e-07,0.426,0.0,0.0,-7.907229925433711,17,21,9,3UTR,MIRT732072,1,1
hsa-miR-449a,NM_004622,TSN,TGGCAGTGTATTGTTAGCTGGT#CAGTAATAGCACTGCCAG#(((((((((..((((.((((..#))))))))))))))))).,2443,2461,1.0,-20.7,1,0.003102678,0.632,0.4549739177777778,0.0152436367499999,-8.237904470243807,17,18,17,3UTR,MIRT202949,1,1
hsa-miR-449a,NM_005359,SMAD4,TGGCAGTGTATTGTTAGCTGGT#ACCAGCTGCTGTTGCAAAGGCTGCTT#.((((((.(.((((((((((((#)))))))).....))))).)))))).,8300,8326,1.0,-22.1,1,0.001790626,0.485,1.4015606117647061,1.5184789975,-7.349466234865927,19,26,8,3UTR,MIRT198921,1,1
hsa-miR-449a,NM_005359,SMAD4,TGGCAGTGTATTGTTAGCTGGT#GCCAGTTAACAATTATTTTGTAGGTGGGGTACACTCAGCTT#.(((((((((((((((((((((#))))))))))).................)))))))..))).,5896,5937,1.0,-22.0,1,6.914411e-05,0.662,0.022050377500000017,0.14289511000000005,-3.793324837357118,21,41,11,3UTR,MIRT198921,1,1
hsa-miR-449a,NM_005378,MYCN,TGGCAGTGTATTGTTAGCTGGT#ACTGGACAGTCACTGCCAC#((((((((.((((((.......#.)))))))))))))).,1718,1737,1.0,-20.0,1,0.0003467327,0.632,1.7845079999999998,2.840460436249999,-5.227013184751041,14,16,14,3UTR,MIRT731559,1,1
hsa-miR-449a,NM_005438,FOSL1,TGGCAGTGTATTGTTAGCTGGT#ACCAGCCCCACTGCCAG#((((((((........((((((#))))))..)))))))).,1286,1303,1.0,-20.6,1,0.01401431,0.426,3.8772844749999997,3.1634895075000005,-15.522517528523212,14,17,8,3UTR,MIRT745399,1,1
hsa-miR-449a,NM_005934,MLLT1,TGGCAGTGTATTGTTAGCTGGT#GCCTGCCCGCAGCACTGCCT#.((((((((..(((..((.(((#))).))..))))))))))).,1952,1972,1.0,-22.0,1,0.003582908,0.294,-0.14356233750000003,-0.09050213625,-8.829104421649896,16,20,11,3UTR,MIRT745404,1,1
hsa-miR-449a,NM_007367,RALY,TGGCAGTGTATTGTTAGCTGGT#GCCAGCTATAACAGACCCATTTCAATACCCTGGCAAGTCATTACTGCCC#.(((((((..((((((((((((#))))))))........................)))).....))))))).,3480,3529,1.0,-22.1,1,0.005157664,0.515,0.07094507777777778,-0.12463763675,-6.09222096393106,19,49,8,3UTR,MIRT745410,1,1
hsa-miR-449a,NM_001330170,FLOT2,TGGCAGTGTATTGTTAGCTGGT#CCTGCTAGGGCTGCACTGTCC#.(((((((((.(.(((((.((.#)).))))).).))))))))).,2282,2303,1.0,-22.4,1,2.612255e-07,0.426,0.0,0.0,-7.907229925433711,17,21,9,3UTR,MIRT732072,1,1
hsa-miR-449a,NM_001110,ADAM10,TGGCAGTGTATTGTTAGCTGGT#CCAGCTGTGATACATGCTG#.((((.((((((..(((((((.#))))))).)))))))))).,9669,9688,1.0,-20.7,0,0.001219159,0.588,0.0,0.0,-7.840254128736813,17,19,10,3UTR,MIRT734342,1,1
hsa-miR-449a,NM_001110,ADAM10,TGGCAGTGTATTGTTAGCTGGT#CCAGTTAGATACTCTGCG#..((((.(((((..(((((((.#)))))))))))).)))).,4714,4732,1.0,-19.8,0,0.01837035,0.647,0.0,0.0,-8.646657784430259,16,18,12,3UTR,MIRT734342,1,1
hsa-miR-449a,NM_001166119,LEF1,TGGCAGTGTATTGTTAGCTGGT#GACAATCACTGCCAA#((((((((.((((((.......#)))))))))))))).,1116,1131,1.0,-19.9,1,0.1966524,0.5,0.0,0.0,-5.227013184751041,14,15,14,3UTR,MIRT053005,1,1
hsa-miR-449a,NM_001198786,POU2F1,TGGCAGTGTATTGTTAGCTGGT#GCCAGGTCATGATACTGCTGCTAT#((((((((((((((.(.(((((#))))).).))))))).))))))).,11493,11517,1.0,-22.8,1,0.03178399,0.544,0.0,0.0,-4.6730240064523,20,24,7,3UTR,MIRT182269,1,1
hsa-miR-449a,NM_001204171,MDM4,TGGCAGTGTATTGTTAGCTGGT#AGTAGGTGGCATAAAATGCACTGTCAA#((((((((((((((((.(((.(#).))).)))))....))))))))))).,9508,9535,1.0,-21.6,1,0.02337552,0.706,0.0,0.0,-3.937574446201665,20,27,11,3UTR,MIRT183693,1,1
hsa-miR-449a,NM_001204172,MDM4,TGGCAGTGTATTGTTAGCTGGT#AGTAGGTGGCATAAAATGCACTGTCAA#((((((((((((((((.(((.(#).))).)))))....))))))))))).,8680,8707,1.0,-21.6,1,0.02337552,0.706,0.0,0.0,-3.937574446201665,20,27,11,3UTR,MIRT183693,1,1
hsa-miR-665,NM_002717,PPP2R2A,ACCAGGAGGCTGAGGCCCCT#GGCTTGTAGCATTCCTCCTCTTCTGGCCTCCTGGA#.((((((((((((((.....#.))))....)))))))))).,2103,2138,0.9551282051282051,-25.3,1,0.001825662,0.426,4.663806666666666,2.47166005,-4.026373917660731,14,20,10,3UTR,MIRT753653,1,1
hsa-miR-665,NM_001177591,PPP2R2A,ACCAGGAGGCTGAGGCCCCT#AGCTCATTCTTACTGTGGCTTGTAGCATTCCTCCTCTTCTGGCCTCCTGGA#.((((((((((((((.....#.))))....)))))))))).,1836,1887,0.9743589743589743,-25.3,1,0.001825662,0.426,3.9358105555555554,3.017658325,-4.026373917660731,14,20,10,3UTR,MIRT753653,1,1
hsa-miR-665,NM_001280789,SURF4,ACCAGGAGGCTGAGGCCCCT#GGGGGCCTTCAAGCTGTACTGT#..(((..(((((((((((((#)))))))))..))))...))).,868,890,0.9743589743589745,-25.5,0,0.001786923,0.515,0.7245694866666665,0.6157689375,-8.401646015436656,16,22,9,3UTR,MIRT513667,1,1
hsa-miR-665,NM_198274,SMYD1,ACCAGGAGGCTGAGGCCCCT#GGGGGCTTCTGCTCTTCTC#...(((((((.(((((((((#))))))))).)).))))).,2591,2610,0.9743589743589745,-25.5,0,0.0007557169,0.559,0.41779852222222225,0.1995338875,-9.33931466908909,16,19,9,3UTR,MIRT255135,1,1
hsa-miR-665,NM_001280789,SURF4,ACCAGGAGGCTGAGGCCCCT#AGGGGCAAGAAGTCCTTGGG#.(((((.((((...((((((#))))))....))))))))).,1238,1258,1.0,-24.5,0,0.0004353756,0.382,0.19405763333333334,0.13865231124999997,-10.829785212011442,15,20,9,3UTR,MIRT513667,1,1
hsa-miR-665,NM_001280790,SURF4,ACCAGGAGGCTGAGGCCCCT#AGGGGCAAGAAGTCCTTGGG#.(((((.((((...((((((#))))))....))))))))).,1747,1767,1.0,-24.5,0,0.0004353756,0.382,0.0,0.0,-10.829785212011442,15,20,9,3UTR,MIRT513667,1,1
hsa-miR-665,NM_001280791,SURF4,ACCAGGAGGCTGAGGCCCCT#AGGGGCAAGAAGTCCTTGGG#.(((((.((((...((((((#))))))....))))))))).,1695,1715,1.0,-24.5,0,0.0004353756,0.382,0.0,0.0,-10.829785212011442,15,20,9,3UTR,MIRT513667,1,1
hsa-miR-665,NM_001280792,SURF4,ACCAGGAGGCTGAGGCCCCT#AGGGGCAAGAAGTCCTTGGG#.(((((.((((...((((((#))))))....))))))))).,1410,1430,1.0,-24.5,0,0.0004353756,0.382,0.0,0.0,-10.829785212011442,15,20,9,3UTR,MIRT513667,1,1
hsa-miR-665,NM_001300927,PGPEP1,ACCAGGAGGCTGAGGCCCCT#GCCTCAGCCTCCCGAGTAGCTGGG#.(((((((((((((((....#))))))))))))........))).,3480,3504,1.0,-28.4,1,1.777563e-06,0.412,0.0,0.0,-3.793324837357118,15,24,12,3UTR,MIRT514190,1,1
hsa-miR-665,NM_001308366,PGPEP1,ACCAGGAGGCTGAGGCCCCT#GCCTCAGCCTCCCGAGTAGCTGGG#.(((((((((((((((....#))))))))))))........))).,3673,3697,1.0,-28.4,1,1.777563e-06,0.412,0.0,0.0,-3.793324837357118,15,24,12,3UTR,MIRT514190,1,1
hsa-miR-665,NM_031895,CACNG8,ACCAGGAGGCTGAGGCCCCT#AGTGATTCTCCTGCCTCAGCCTCCTGAGTA#((((((((((((((((....#.)))))))))))))).)).,5802,5832,1.0,-32.7,1,8.591708e-06,0.441,0.0,0.0,-3.937574446201665,16,19,14,3UTR,MIRT685469,1,1
hsa-miR-665,NM_031895,CACNG8,ACCAGGAGGCTGAGGCCCCT#GGGGTAGGCTTCCTGGA#.((((((((((...(((((.#))))).)))))))))).,3053,3070,1.0,-28.3,1,0.0006174591,0.456,0.0,0.0,-9.286098677140124,15,17,10,3UTR,MIRT685469,1,1
hsa-miR-665,NM_033161,SURF4,ACCAGGAGGCTGAGGCCCCT#AGGGGCAAGAAGTCCTTGGG#.(((((.((((...((((((#))))))....))))))))).,1597,1617,1.0,-24.5,0,0.0004353756,0.382,0.0,0.0,-10.829785212011442,15,20,9,3UTR,MIRT513667,1,1
hsa-miR-665,NM_152594,SPRED1,ACCAGGAGGCTGAGGCCCCT#GCCTCAGCCTCCCAAGTAGCTGGG#.(((((((((((((((....#))))))))))))........))).,5088,5112,1.0,-28.4,1,1.560708e-06,0.412,0.0,0.0,-3.793324837357118,15,24,12,3UTR,MIRT380519,1,1
hsa-miR-665,NM_152594,SPRED1,ACCAGGAGGCTGAGGCCCCT#GGTGCGATCTCAGCTCACTGCAACCTCCGCCTCCTGGG#.(((((((((.((((.....#.)))).))))))))).,5034,5072,1.0,-27.9,1,0.000736041,0.382,0.0,0.0,-6.851148393071081,13,16,9,3UTR,MIRT380519,1,1
hsa-miR-665,NM_153347,TMEM86A,ACCAGGAGGCTGAGGCCCCT#AGGGGCCAGCTTCTCTGTGTG#(((((((((((..(((((((#))))))))))))).))).)).,1586,1607,1.0,-27.0,1,0.003824747,0.456,0.0,0.0,-8.573508368464264,18,21,13,3UTR,MIRT533694,1,1
hsa-miR-665,NM_178578,PSMF1,ACCAGGAGGCTGAGGCCCCT#CCTCGGCCTTCTGA#..(((((((((((((.....#))))))))))))).,7308,7322,1.0,-24.9,1,0.0003421417,0.441,0.0,0.0,-5.1900497996759025,13,14,13,3UTR,MIRT470134,1,1
hsa-miR-665,XM_011544566,PPP2R2A,ACCAGGAGGCTGAGGCCCCT#AGCTCATTCTTACTGTGGCTTGTAGCATTCCTCCTCTTCTGGCCTCCTGGA#.((((((((((((((.....#.))))....)))))))))).,2091,2142,1.0,-25.3,1,0.001825662,0.426,0.0,0.0,-4.026373917660731,14,20,10,3UTR,MIRT753653,1,1
hsa-miR-665,XM_011544567,PPP2R2A,ACCAGGAGGCTGAGGCCCCT#GGCTTGTAGCATTCCTCCTCTTCTGGCCTCCTGGA#.((((((((((((((.....#.))))....)))))))))).,2159,2194,1.0,-25.3,1,0.001825662,0.426,0.0,0.0,-4.026373917660731,14,20,10,3UTR,MIRT753653,1,1
hsa-miR-665,XM_011544569,PPP2R2A,ACCAGGAGGCTGAGGCCCCT#AGCTCATTCTTACTGTGGCTTGTAGCATTCCTCCTCTTCTGGCCTCCTGGA#.((((((((((((((.....#.))))....)))))))))).,1812,1863,1.0,-25.3,1,0.001825662,0.426,0.0,0.0,-4.026373917660731,14,20,10,3UTR,MIRT753653,1,1
hsa-miR-665,NM_014571,HEYL,ACCAGGAGGCTGAGGCCCCT#AGGGGCTACAAAGAGGTCTCCTGGG#.((((((((((..(((((((#))))))).......)))))))))).,1498,1523,1.0,-30.1,1,0.001471808,0.426,0.0,0.0,-8.429258759619717,17,25,10,3UTR,MIRT544152,1,1
hsa-miR-665,NM_017712,PGPEP1,ACCAGGAGGCTGAGGCCCCT#GCCTCAGCCTCCCGAGTAGCTGGG#.(((((((((((((((....#))))))))))))........))).,3713,3737,1.0,-28.4,1,1.777563e-06,0.412,0.09815494782608694,-0.12368233925,-3.793324837357118,15,24,12,3UTR,MIRT514190,1,1
hsa-miR-665,NM_006814,PSMF1,ACCAGGAGGCTGAGGCCCCT#CCTCGGCCTTCTGA#..(((((((((((((.....#))))))))))))).,7312,7326,1.0,-24.9,1,0.0003421417,0.441,0.04157780769230769,-0.010852451250000006,-5.1900497996759025,13,14,13,3UTR,MIRT470134,1,1
hsa-miR-665,NM_001323408,PSMF1,ACCAGGAGGCTGAGGCCCCT#CCTCGGCCTTCTGA#..(((((((((((((.....#))))))))))))).,6114,6128,1.0,-24.9,1,0.0003421417,0.441,0.0,0.0,-5.1900497996759025,13,14,13,3UTR,MIRT470134,1,1
hsa-miR-665,NM_001329477,PGPEP1,ACCAGGAGGCTGAGGCCCCT#GCCTCAGCCTCCCGAGTAGCTGGG#.(((((((((((((((....#))))))))))))........))).,3660,3684,1.0,-28.4,1,1.777563e-06,0.412,0.0,0.0,-3.793324837357118,15,24,12,3UTR,MIRT514190,1,1
hsa-miR-665,NM_001330364,SMYD1,ACCAGGAGGCTGAGGCCCCT#GGGGGCTTCTGCTCTTCTC#...(((((((.(((((((((#))))))))).)).))))).,2552,2571,1.0,-25.5,0,0.0007557169,0.559,0.0,0.0,-9.33931466908909,16,19,9,3UTR,MIRT255135,1,1
hsa-miR-665,NM_001127240,BBC3,ACCAGGAGGCTGAGGCCCCT#GGGGGCCCGTGAAGAGCAAATGAGCCAAACGTGACCACTAGCCTCCTGGA#.(((((((((((((((((((#)))))))..)............................))))))))))).,1196,1246,1.0,-30.0,1,0.002585371,0.426,0.8819195142857144,0.8536008887500002,-3.793324837357118,19,50,11,3UTR,MIRT480976,1,1
hsa-miR-665,NM_001127242,BBC3,ACCAGGAGGCTGAGGCCCCT#GGGGGCCCGTGAAGAGCAAATGAGCCAAACGTGACCACTAGCCTCCTGGA#.(((((((((((((((((((#)))))))..)............................))))))))))).,716,766,1.0,-30.0,1,0.002585371,0.426,0.6549516836734692,0.9079066937499999,-3.793324837357118,19,50,11,3UTR,MIRT480976,1,1
hsa-miR-760,NM_001257999,ANKFY1,CGGCTCTGGGTCTGTGGGGA#TCTCCACGGGCACGGAGTGGA#(.((((((.(((((((((((#))))))))))).)))))).).,6814,6835,1.0,-29.0,1,6.082577e-07,0.426,0.0,0.0,-6.157639986462598,18,21,11,3UTR,MIRT036757,1,1
hsa-miR-760,NM_001286373,TOMM40L,CGGCTCTGGGTCTGTGGGGA#CTCCTCAGAACTGGAGCTGC#(((((((((.((((.((((.#)))).)))).))))))))).,1177,1197,1.0,-25.1,1,7.297002e-05,0.412,0.6276078888888887,0.855999825,-5.915530474780478,17,20,9,3UTR,MIRT759455,1,1
hsa-miR-760,NM_001286374,TOMM40L,CGGCTCTGGGTCTGTGGGGA#CTCCTCAGAACTGGAGCTGC#(((((((((.((((.((((.#)))).)))).))))))))).,1084,1104,1.0,-25.1,1,7.297002e-05,0.412,0.0,0.0,-5.915530474780478,17,20,9,3UTR,MIRT759455,1,1
hsa-miR-760,NM_032174,TOMM40L,CGGCTCTGGGTCTGTGGGGA#CTCCTCAGAACTGGAGCTGC#(((((((((.((((.((((.#)))).)))).))))))))).,1279,1299,1.0,-25.1,1,7.297002e-05,0.412,0.0,0.0,-5.915530474780478,17,20,9,3UTR,MIRT759455,1,1
hsa-miR-760,NM_178582,HM13,CGGCTCTGGGTCTGTGGGGA#TCCCCACAGCCCAGCCTCCACCTCAGAGAGCCC#.(((((((((.(((((((((#)))))))))))))..............))))).,2661,2694,1.0,-31.0,1,0.00074442,0.412,0.0,0.0,-6.618099312767468,18,33,13,3UTR,MIRT657396,1,1
hsa-miR-760,NM_001330063,ANKFY1,CGGCTCTGGGTCTGTGGGGA#TCTCCACGGGCACGGAGTGGA#(.((((((.(((((((((((#))))))))))).)))))).).,6609,6630,1.0,-29.0,1,6.082577e-07,0.426,0.0,0.0,-6.157639986462598,18,21,11,3UTR,MIRT036757,1,1
hsa-miR-760,NM_001330063,ANKFY1,CGGCTCTGGGTCTGTGGGGA#TTTCCACAGACTTAGGAAGCCC#.(((((((((((((((((((#)))))))))))))))..)))).,5751,5773,1.0,-27.4,1,0.009025254,0.397,0.0,0.0,-3.793324837357118,19,22,15,3UTR,MIRT036757,1,1
